Title,Abstract
Quantum Computing for Beginners,"In this study, we investigate the potential applications of Quantum Computing for Beginners across various sectors, including their implications for future technological developments. The paper analyzes the advantages and limitations of implementing such technologies in real-world environments."
AI in Robotics,"This paper offers a comprehensive review of AI in Robotics and its evolving role in shaping the future of technological innovation. By examining existing literature and case studies, we provide insights into the future potential and challenges associated with the adoption of this technology."
Computer Vision and its Applications,"The concept of Computer Vision and its Applications has gained significant attention in recent years due to its transformative potential in a variety of industries. This paper provides an overview of the state-of-the-art research in this area, including case studies and expert insights on its potential impact."
Blockchain Technology in Healthcare,"The concept of Blockchain Technology in Healthcare has gained significant attention in recent years due to its transformative potential in a variety of industries. This paper provides an overview of the state-of-the-art research in this area, including case studies and expert insights on its potential impact."
Natural Language Processing for Social Media,"The topic of Natural Language Processing for Social Media explores cutting-edge advancements in this field, with particular focus on how new innovations are impacting industries such as finance, healthcare, and manufacturing. Recent developments have shown potential for revolutionizing the way businesses and individuals interact with data."
Cybersecurity in Financial Systems,"This paper delves into the latest breakthroughs in Cybersecurity in Financial Systems and examines how these technologies are poised to change the landscape of global markets. We will explore key trends, challenges, and opportunities that could arise from widespread adoption of these innovations."
AI and Machine Learning for Healthcare,"The concept of AI and Machine Learning for Healthcare has gained significant attention in recent years due to its transformative potential in a variety of industries. This paper provides an overview of the state-of-the-art research in this area, including case studies and expert insights on its potential impact."
Blockchain in Supply Chain Management,"The concept of Blockchain in Supply Chain Management has gained significant attention in recent years due to its transformative potential in a variety of industries. This paper provides an overview of the state-of-the-art research in this area, including case studies and expert insights on its potential impact."
Autonomous Vehicles and AI,"This paper delves into the latest breakthroughs in Autonomous Vehicles and AI and examines how these technologies are poised to change the landscape of global markets. We will explore key trends, challenges, and opportunities that could arise from widespread adoption of these innovations."
Data Privacy in the Digital Age,"The concept of Data Privacy in the Digital Age has gained significant attention in recent years due to its transformative potential in a variety of industries. This paper provides an overview of the state-of-the-art research in this area, including case studies and expert insights on its potential impact."
